Id,Name,Salary,Age,Country,Region
1,Pooja Jain,84455,52,India,Asia
2,Priya Das,94204,31,India,Asia
3,Tarun Das,86605,47,India,Asia
4,Sneha Chatterjee,81067,43,India,Asia
5,Sakshi Chatterjee,97539,31,India,Asia
6,Aditya Reddy,68467,50,India,Asia
7,Bhavya Shah,45997,27,India,Asia
8,Varun Khanna,122476,28,India,Asia
9,Siddharth Rao,114447,59,India,Asia
10,Siddharth Rao,49682,43,India,Asia
11,Ramesh Kumar,107951,37,India,Asia
12,Suresh Agarwal,55390,43,India,Asia
13,Tanvi Agarwal,57010,32,India,Asia
14,Rajat Kapoor,54090,24,India,Asia
15,Vivek Iyer,64336,48,India,Asia
16,Bhavya Shah,130507,51,India,Asia
17,Ramesh Kumar,139222,50,India,Asia
18,Riya Kapoor,116924,37,India,Asia
19,Varun Khanna,119436,58,India,Asia
20,Shreya Bhatia,45010,35,India,Asia
21,Bhavna Shah,85434,30,India,Asia
22,Ananya Singh,59534,32,India,Asia
23,Aishwarya Rao,114320,48,India,Asia
24,Rajat Kapoor,149169,51,India,Asia
25,Karan Thakur,116804,60,India,Asia
26,Meera Kulkarni,105085,37,India,Asia
27,Neha Bhatt,45448,35,India,Asia
28,Deepak Sinha,133095,27,India,Asia
29,Tanvi Agarwal,43006,45,India,Asia
30,Aryan Gupta,61526,36,India,Asia
31,Pooja Jain,83975,22,India,Asia
32,Abhishek Dutta,89330,25,India,Asia
33,Trisha Ghosh,111880,59,India,Asia
34,Deepak Sinha,103496,28,India,Asia
35,Ajay Singh,128774,59,India,Asia
36,Payal Desai,115164,47,India,Asia
37,Siddharth Rao,126770,56,India,Asia
38,Rahul Joshi,102503,54,India,Asia
39,Priya Das,132004,50,India,Asia
40,Shreya Bhatia,57818,34,India,Asia
41,Isha Kapoor,66492,52,India,Asia
42,Ananya Singh,70843,47,India,Asia
43,Neha Bhatt,124797,24,India,Asia
44,Harsh Vora,130372,45,India,Asia
45,Ramesh Kumar,132467,33,India,Asia
46,Kabir Nair,104574,37,India,Asia
47,Aryan Gupta,90333,24,India,Asia
48,Yash Verma,140029,39,India,Asia
49,Suresh Agarwal,92641,25,India,Asia
50,Manish Bansal,107281,49,India,Asia
51,Rahul Joshi,52702,26,India,Asia
52,Ashok Pillai,148011,31,India,Asia
53,Siddharth Rao,38463,28,India,Asia
54,Ankit Jain,101326,29,India,Asia
55,Ravi Shankar,119499,48,India,Asia
56,Krishna Iyer,145634,36,India,Asia
57,Ravi Shankar,101424,30,India,Asia
58,Vivaan Patel,94715,60,India,Asia
59,Aryan Gupta,112694,39,India,Asia
60,Ajay Singh,141629,25,India,Asia
61,Ajay Singh,59313,48,India,Asia
62,Shreya Bhatia,71819,30,India,Asia
63,Abhishek Dutta,90258,48,India,Asia
64,Sunil Nair,70014,25,India,Asia
65,Yash Verma,116284,33,India,Asia
66,Bhavya Shah,138110,38,India,Asia
67,Tanya Ghosh,75442,42,India,Asia
68,Ankit Jain,86606,22,India,Asia
69,Tarun Das,107507,60,India,Asia
70,Preeti Yadav,141465,38,India,Asia
71,Nandini Joshi,63408,52,India,Asia
72,Ravi Shankar,140001,28,India,Asia
73,Yash Verma,113474,23,India,Asia
74,Vikram Chauhan,115773,44,India,Asia
75,Rajat Kapoor,29845,57,India,Asia
76,Manish Bansal,80109,23,India,Asia
77,Pooja Jain,115030,56,India,Asia
78,Karan Thakur,45126,41,India,Asia
79,Amitabh Mishra,118135,49,India,Asia
80,Simran Kaur,108089,24,India,Asia
81,Nikita Mehta,71431,40,India,Asia
82,Aarav Sharma,106411,31,India,Asia
83,Harsh Vora,97925,43,India,Asia
84,Mohit Sharma,71193,54,India,Asia
85,Priya Das,113502,27,India,Asia
86,Tanvi Agarwal,135090,44,India,Asia
87,Rahul Joshi,58919,57,India,Asia
88,Vivek Iyer,104553,46,India,Asia
89,Simran Kaur,115459,53,India,Asia
90,Aditya Reddy,104239,29,India,Asia
91,Divya Rani,41887,49,India,Asia
92,Shreya Bhatia,59602,35,India,Asia
93,Neha Bhatt,41457,31,India,Asia
94,Meera Kulkarni,84736,34,India,Asia
95,Kabir Nair,130404,24,India,Asia
96,Harsh Vora,25547,51,India,Asia
97,Shreya Bhatia,63103,49,India,Asia
98,Sanjay Reddy,114164,41,India,Asia
99,Payal Desai,130703,60,India,Asia
100,Bhavya Shah,57863,58,India,Asia
101,Neha Bhatt,80965,27,India,Asia
102,Ananya Singh,81581,46,India,Asia
103,Bhavya Shah,68619,46,India,Asia
104,Aishwarya Rao,119719,39,India,Asia
105,Nikita Mehta,49734,50,India,Asia
106,Vivek Iyer,134697,43,India,Asia
107,Payal Desai,94193,51,India,Asia
108,Bhavna Shah,144686,42,India,Asia
109,Rajat Kapoor,124744,57,India,Asia
110,Vikram Chauhan,109615,37,India,Asia
111,Neha Bhatt,77079,40,India,Asia
112,Riya Kapoor,84933,35,India,Asia
113,Bhavya Shah,99043,39,India,Asia
114,Mohit Sharma,40737,29,India,Asia
115,Pooja Jain,136057,27,India,Asia
116,Sneha Chatterjee,132817,59,India,Asia
117,Abhishek Dutta,149204,47,India,Asia
118,Sunil Nair,54619,39,India,Asia
119,Tarun Das,133900,28,India,Asia
120,Aditya Reddy,94311,39,India,Asia
121,Payal Desai,144846,41,India,Asia
122,Ravi Shankar,138052,33,India,Asia
123,Nikita Mehta,29989,46,India,Asia
124,Ashok Pillai,140158,56,India,Asia
125,Tarun Das,52092,53,India,Asia
126,Aditya Reddy,50282,41,India,Asia
127,Bhavya Shah,84637,55,India,Asia
128,Aryan Gupta,38079,46,India,Asia
129,Vivek Iyer,82685,36,India,Asia
130,Rajesh Malhotra,118322,44,India,Asia
131,Rohan Mehta,68840,22,India,Asia
132,Mohit Sharma,32439,55,India,Asia
133,Rajesh Malhotra,48994,48,India,Asia
134,Tanvi Agarwal,62655,50,India,Asia
135,Lakshmi Narayan,96116,43,India,Asia
136,Manish Bansal,138529,33,India,Asia
137,Bhavna Shah,100753,41,India,Asia
138,Suresh Agarwal,59259,57,India,Asia
139,Kavya Menon,26739,29,India,Asia
140,Suresh Agarwal,124688,52,India,Asia
141,Nikita Mehta,60845,53,India,Asia
142,Rohan Mehta,104837,36,India,Asia
143,Deepak Sinha,84118,24,India,Asia
144,Sneha Chatterjee,147179,37,India,Asia
145,Aishwarya Rao,128723,53,India,Asia
146,Ajay Singh,147394,41,India,Asia
147,Yash Verma,84127,60,India,Asia
148,Ajay Singh,40115,26,India,Asia
149,Meera Kulkarni,110461,32,India,Asia
150,Lakshmi Narayan,69273,41,India,Asia
